Filiale,Vendite
Filiale_A,514.0833333333334
Filiale_B,581.8916666666667
Filiale_C,552.0664285714286
